{
  "name": "experiment_1_parent_replication",
  "alphas": [
    1.2,
    1.5,
    1.8,
    2.0
  ],
  "alpha_hats": [
    1.1243078125118888,
    1.3482763550674999,
    1.5799016610616057,
    1.692649825801266
  ],
  "alpha_ci_low": [
    1.080270162300806,
    1.2954977603307483,
    1.5181053186821787,
    1.6263509705154071
  ],
  "alpha_ci_high": [
    1.1683454627229717,
    1.4010549498042515,
    1.6416980034410327,
    1.758948681087125
  ],
  "n_lifetimes": [
    25047,
    25079,
    25112,
    25045
  ],
  "n_replications": 50,
  "n_steps": 2000
}